<?xml version="1.0" encoding="UTF-8"?>
<beans xmlns="http://www.springframework.org/schema/beans"
	xmlns:xsi="http://www.w3.org/2001/XMLSchema-instance" 
	xmlns:p="http://www.springframework.org/schema/p"
	xmlns:context="http://www.springframework.org/schema/context"
	xmlns:dubbo="http://code.alibabatech.com/schema/dubbo" 
	xmlns:mvc="http://www.springframework.org/schema/mvc"
	xsi:schemaLocation="http://www.springframework.org/schema/beans http://www.springframework.org/schema/beans/spring-beans.xsd
        http://www.springframework.org/schema/mvc http://www.springframework.org/schema/mvc/spring-mvc.xsd
        http://code.alibabatech.com/schema/dubbo http://code.alibabatech.com/schema/dubbo/dubbo.xsd
        http://www.springframework.org/schema/context http://www.springframework.org/schema/context/spring-context.xsd">
    
    <!--<context:property-placeholder location="classpath:application.properties" />-->
	<mvc:annotation-driven>
	  <mvc:message-converters register-defaults="true">
	    <bean class="com.alibaba.fastjson.support.spring.FastJsonHttpMessageConverter">
	      <property name="supportedMediaTypes" value="application/json"/>
	      <property name="features">
	        <list>
	          <value>WriteMapNullValue</value>
	          <value>WriteDateUseDateFormat</value>
	        </list>
	      </property>
	    </bean>
	  </mvc:message-converters>
	</mvc:annotation-driven>


	<!-- 多部分文件上传 -->
	<bean id="multipartResolver" class="org.springframework.web.multipart.commons.CommonsMultipartResolver">
		<property name="maxUploadSize" value="104857600" />
		<property name="maxInMemorySize" value="4096" />
		<property name="defaultEncoding" value="UTF-8"></property>
	</bean>

	<!--阿里云OSS  -->
	<bean id="ossClient" class="com.aliyun.oss.OSSClient">
		<constructor-arg index="0" value="oss-cn-beijing.aliyuncs.com"></constructor-arg>
		<constructor-arg index="1" value="AccessKeyID"></constructor-arg>
		<constructor-arg index="2" value="AccessKeySecret"></constructor-arg>
	</bean>

</beans>